{
    "name": "root",
    "metadata": {
        "timer_format_version": "0.1.0",
        "start_time_seconds": "1710521923",
        "python_version": "3.8.10 (tags/v3.8.10:3d8993a, May  3 2021, 11:48:03) [MSC v.1928 64 bit (AMD64)]",
        "command_line_arguments": "C:\\Users\\zayaa\\Unity Projects\\OneButtonJam\\venv\\Scripts\\mlagents-learn Assets\\Scripts\\configfiles\\config.yaml --time-scale=1 --run-id=Run4 --resume",
        "mlagents_version": "0.29.0",
        "mlagents_envs_version": "0.29.0",
        "communication_protocol_version": "1.5.0",
        "pytorch_version": "2.2.1+cpu",
        "numpy_version": "1.21.2",
        "end_time_seconds": "1710521943"
    },
    "total": 19.298474300000002,
    "count": 1,
    "self": 0.0042740000000023315,
    "children": {
        "run_training.setup": {
            "total": 0.07453200000000004,
            "count": 1,
            "self": 0.07453200000000004
        },
        "TrainerController.start_learning": {
            "total": 19.2196683,
            "count": 1,
            "self": 0.005205100000026164,
            "children": {
                "TrainerController._reset_env": {
                    "total": 9.1935286,
                    "count": 1,
                    "self": 9.1935286
                },
                "TrainerController.advance": {
                    "total": 9.947557999999974,
                    "count": 264,
                    "self": 0.004525799999978375,
                    "children": {
                        "env_step": {
                            "total": 9.894332100000002,
                            "count": 264,
                            "self": 9.706265499999985,
                            "children": {
                                "SubprocessEnvManager._take_step": {
                                    "total": 0.1849400000000312,
                                    "count": 264,
                                    "self": 0.013257300000027783,
                                    "children": {
                                        "TorchPolicy.evaluate": {
                                            "total": 0.1716827000000034,
                                            "count": 264,
                                            "self": 0.042854499999995355,
                                            "children": {
                                                "TorchPolicy.sample_actions": {
                                                    "total": 0.12882820000000805,
                                                    "count": 264,
                                                    "self": 0.12882820000000805
                                                }
                                            }
                                        }
                                    }
                                },
                                "workers": {
                                    "total": 0.0031265999999856575,
                                    "count": 263,
                                    "self": 0.0,
                                    "children": {
                                        "worker_root": {
                                            "total": 8.106565100000012,
                                            "count": 263,
                                            "is_parallel": true,
                                            "self": 1.4004701000000157,
                                            "children": {
                                                "steps_from_proto": {
                                                    "total": 0.0004296999999997553,
                                                    "count": 1,
                                                    "is_parallel": true,
                                                    "self": 0.00019509999999911543,
                                                    "children": {
                                                        "_process_rank_one_or_two_observation": {
                                                            "total": 0.00023460000000063985,
                                                            "count": 2,
                                                            "is_parallel": true,
                                                            "self": 0.00023460000000063985
                                                        }
                                                    }
                                                },
                                                "UnityEnvironment.step": {
                                                    "total": 6.705665299999996,
                                                    "count": 263,
                                                    "is_parallel": true,
                                                    "self": 0.017652500000004068,
                                                    "children": {
                                                        "UnityEnvironment._generate_step_input": {
                                                            "total": 0.04014569999998585,
                                                            "count": 263,
                                                            "is_parallel": true,
                                                            "self": 0.04014569999998585
                                                        },
                                                        "communicator.exchange": {
                                                            "total": 6.586368699999992,
                                                            "count": 263,
                                                            "is_parallel": true,
                                                            "self": 6.586368699999992
                                                        },
                                                        "steps_from_proto": {
                                                            "total": 0.06149840000001383,
                                                            "count": 263,
                                                            "is_parallel": true,
                                                            "self": 0.030096000000037648,
                                                            "children": {
                                                                "_process_rank_one_or_two_observation": {
                                                                    "total": 0.03140239999997618,
                                                                    "count": 526,
                                                                    "is_parallel": true,
                                                                    "self": 0.03140239999997618
                                                                }
                                                            }
                                                        }
                                                    }
                                                }
                                            }
                                        }
                                    }
                                }
                            }
                        },
                        "trainer_advance": {
                            "total": 0.04870009999999425,
                            "count": 263,
                            "self": 0.0059885000000061694,
                            "children": {
                                "process_trajectory": {
                                    "total": 0.04271159999998808,
                                    "count": 263,