{
    "name": "root",
    "metadata": {
        "timer_format_version": "0.1.0",
        "start_time_seconds": "1710364688",
        "python_version": "3.8.10 (tags/v3.8.10:3d8993a, May  3 2021, 11:48:03) [MSC v.1928 64 bit (AMD64)]",
        "command_line_arguments": "C:\\Users\\zayaa\\Unity Projects\\OneButtonJam\\venv\\Scripts\\mlagents-learn --run-id=Run3 --force",
        "mlagents_version": "0.29.0",
        "mlagents_envs_version": "0.29.0",
        "communication_protocol_version": "1.5.0",
        "pytorch_version": "2.2.1+cpu",
        "numpy_version": "1.21.2",
        "end_time_seconds": "1710364790"
    },
    "total": 101.9690303,
    "count": 1,
    "self": 0.005356699999992998,
    "children": {
        "run_training.setup": {
            "total": 0.023577499999999807,
            "count": 1,
            "self": 0.023577499999999807
        },
        "TrainerController.start_learning": {
            "total": 101.9400961,
            "count": 1,
            "self": 0.22171210000010433,
            "children": {
                "TrainerController._reset_env": {
                    "total": 7.8602262,
                    "count": 1,
                    "self": 7.8602262
                },
                "TrainerController.advance": {
                    "total": 93.78808419999991,
                    "count": 14101,
                    "self": 0.1834663000002763,
                    "children": {
                        "env_step": {
                            "total": 88.60210300000004,
                            "count": 14101,
                            "self": 83.32998140000058,
                            "children": {
                                "SubprocessEnvManager._take_step": {
                                    "total": 5.134227299999667,
                                    "count": 14101,
                                    "self": 0.42137979999905717,
                                    "children": {
                                        "TorchPolicy.evaluate": {
                                            "total": 4.71284750000061,
                                            "count": 9357,
                                            "self": 1.1283498000009686,
                                            "children": {
                                                "TorchPolicy.sample_actions": {
                                                    "total": 3.584497699999641,
                                                    "count": 9357,
                                                    "self": 3.584497699999641
                                                }
                                            }
                                        }
                                    }
                                },
                                "workers": {
                                    "total": 0.13789429999979852,
                                    "count": 14100,
                                    "self": 0.0,
                                    "children": {
                                        "worker_root": {
                                            "total": 88.06556930000056,
                                            "count": 14100,
                                            "is_parallel": true,
                                            "self": 20.085199200000773,
                                            "children": {
                                                "steps_from_proto": {
                                                    "total": 0.00031010000000009086,
                                                    "count": 1,
                                                    "is_parallel": true,
                                                    "self": 0.00012710000000115684,
                                                    "children": {
                                                        "_process_rank_one_or_two_observation": {
                                                            "total": 0.00018299999999893402,
                                                            "count": 2,
                                                            "is_parallel": true,
                                                            "self": 0.00018299999999893402
                                                        }
                                                    }
                                                },
                                                "UnityEnvironment.step": {
                                                    "total": 67.98005999999978,
                                                    "count": 14100,
                                                    "is_parallel": true,
                                                    "self": 0.716342399999462,
                                                    "children": {
                                                        "UnityEnvironment._generate_step_input": {
                                                            "total": 1.3432209000011346,
                                                            "count": 14100,
                                                            "is_parallel": true,
                                                            "self": 1.3432209000011346
                                                        },
                                                        "communicator.exchange": {
                                                            "total": 63.6852212999994,
                                                            "count": 14100,
                                                            "is_parallel": true,
                                                            "self": 63.6852212999994
                                                        },
                                                        "steps_from_proto": {
                                                            "total": 2.2352753999997965,
                                                            "count": 14100,
                                                            "is_parallel": true,
                                                            "self": 1.279691299998869,
                                                            "children": {
                                                                "_process_rank_one_or_two_observation": {
                                                                    "total": 0.9555841000009275,
                                                                    "count": 28200,
                                                                    "is_parallel": true,
                                                                    "self": 0.9555841000009275
                                                                }
                                                            }
                                                        }
                                                    }
                                                }
                                            }
                                        }
                                    }
                                }
                            }
                        },
                        "trainer_advance": {
                            "total": 5.002514899999602,
                            "count": 14100,
                            "self": 0.20780449999915973,
                            "children": {
                                "process_trajectory": {
                                    "total": 4.794710400000442,
                                    "count": 14100,
                                    "self": 4.794710400000442
                                }
                            }
                        }
                    }
                },