{
    "name": "root",
    "gauges": {
        "PlayerRL.Policy.Entropy.mean": {
            "value": 1.349858283996582,
            "min": 1.349858283996582,
            "max": 1.349858283996582,
            "count": 1
        },
        "PlayerRL.Policy.Entropy.sum": {
            "value": 67555.0078125,
            "min": 67555.0078125,
            "max": 67555.0078125,
            "count": 1
        },
        "PlayerRL.Step.mean": {
            "value": 49982.0,
            "min": 49982.0,
            "max": 49982.0,
            "count": 1
        },
        "PlayerRL.Step.sum": {
            "value": 49982.0,
            "min": 49982.0,
            "max": 49982.0,
            "count": 1
        },
        "PlayerRL.Policy.ExtrinsicValueEstimate.mean": {
            "value": 2.2107930183410645,
            "min": 2.2107930183410645,
            "max": 2.2107930183410645,
            "count": 1
        },
        "PlayerRL.Policy.ExtrinsicValueEstimate.sum": {
            "value": 1753.1588134765625,
            "min": 1753.1588134765625,
            "max": 1753.1588134765625,
            "count": 1
        },
        "PlayerRL.Losses.PolicyLoss.mean": {
            "value": 3.036322968742446,
            "min": 3.036322968742446,
            "max": 3.036322968742446,
            "count": 1
        },
        "PlayerRL.Losses.PolicyLoss.sum": {
            "value": 1184.165957809554,
            "min": 1184.165957809554,
            "max": 1184.165957809554,
            "count": 1
        },
        "PlayerRL.Losses.ValueLoss.mean": {
            "value": 0.1297951163448893,
            "min": 0.1297951163448893,
            "max": 0.1297951163448893,
            "count": 1
        },
        "PlayerRL.Losses.ValueLoss.sum": {
            "value": 50.62009537450683,
            "min": 50.62009537450683,
            "max": 50.62009537450683,
            "count": 1
        },
        "PlayerRL.Policy.LearningRate.mean": {
            "value": 0.00028495049886265584,
            "min": 0.00028495049886265584,
            "max": 0.00028495049886265584,
            "count": 1
        },
        "PlayerRL.Policy.LearningRate.sum": {
            "value": 0.11113069455643579,
            "min": 0.11113069455643579,
            "max": 0.11113069455643579,
            "count": 1
        },
        "PlayerRL.Policy.Epsilon.mean": {
            "value": 0.19498349794871792,
            "min": 0.19498349794871792,
            "max": 0.19498349794871792,
            "count": 1
        },
        "PlayerRL.Policy.Epsilon.sum": {
            "value": 76.04356419999999,
            "min": 76.04356419999999,
            "max": 76.04356419999999,
            "count": 1
        },
        "PlayerRL.Policy.Beta.mean": {
            "value": 0.004749676547641026,
            "min": 0.004749676547641026,
            "max": 0.004749676547641026,
            "count": 1
        },
        "PlayerRL.Policy.Beta.sum": {
            "value": 1.85237385358,
            "min": 1.85237385358,
            "max": 1.85237385358,
            "count": 1
        },
        "PlayerRL.Environment.EpisodeLength.mean": {
            "value": 1761.2142857142858,
            "min": 1761.2142857142858,
            "max": 1761.2142857142858,
            "count": 1
        },
        "PlayerRL.Environment.EpisodeLength.sum": {
            "value": 49314.0,
            "min": 49314.0,
            "max": 49314.0,
            "count": 1
        },
        "PlayerRL.Environment.CumulativeReward.mean": {
            "value": 39.57142857142857,
            "min": 39.57142857142857,
            "max": 39.57142857142857,
            "count": 1
        },
        "PlayerRL.Environment.CumulativeReward.sum": {
            "value": 1108.0,
            "min": 1108.0,
            "max": 1108.0,
            "count": 1
        },
        "PlayerRL.Policy.ExtrinsicReward.mean": {
            "value": 39.57142857142857,
            "min": 39.57142857142857,
            "max": 39.57142857142857,
            "count": 1
        },
        "PlayerRL.Policy.ExtrinsicReward.sum": {
            "value": 1108.0,
            "min": 1108.0,
            "max": 1108.0,
            "count": 1
        },
        "PlayerRL.IsTraining.mean": {
            "value": 1.0,
            "min": 1.0,
            "max": 1.0,
            "count": 1
        },
        "PlayerRL.IsTraining.sum": {
            "value": 1.0,
            "min": 1.0,
            "max": 1.0,
            "count": 1
        }
    },
    "metadata": {
        "timer_format_version": "0.1.0",
        "start_time_seconds": "1710388116",
        "python_version": "3.8.10 (tags/v3.8.10:3d8993a, May  3 2021, 11:48:03) [MSC v.1928 64 bit (AMD64)]",
        "command_line_arguments": "C:\\Users\\zayaa\\Unity Projects\\OneButtonJam\\venv\\Scripts\\mlagents-learn Assets\\Scripts\\config.yaml --run-id=Run3 --force --time-scale=1",
        "mlagents_version": "0.29.0",
        "mlagents_envs_version": "0.29.0",
        "communication_protocol_version": "1.5.0",
        "pytorch_version": "2.2.1+cpu",
        "numpy_version": "1.21.2",
        "end_time_seconds": "1710389923"
    },
    "total": 1806.6609188,
    "count": 1,
    "self": 0.004888599999958387,
    "children": {
        "run_training.setup": {
            "total": 0.07016420000000001,
            "count": 1,
            "self": 0.07016420000000001
        },
        "TrainerController.start_learning": {
            "total": 1806.5858660000001,
            "count": 1,
            "self": 1.9097099000196067,
            "children": {
                "TrainerController._reset_env": {
                    "total": 8.254700399999999,
                    "count": 1,
                    "self": 8.254700399999999
                },
                "TrainerController.advance": {
                    "total": 1796.3511415999803,
                    "count": 95079,
                    "self": 1.9183767999809334,
                    "children": {
                        "env_step": {
                            "total": 1716.9700520999982,
                            "count": 95079,
                            "self": 1647.727762799992,
                            "children": {
                                "SubprocessEnvManager._take_step": {
                                    "total": 67.99104459999083,
                                    "count": 95079,
                                    "self": 5.081879799944332,
                                    "children": {
                                        "TorchPolicy.evaluate": {
                                            "total": 62.9091648000465,
                                            "count": 95027,
                                            "self": 16.231125000099183,
                                            "children": {
                                                "TorchPolicy.sample_actions": {
                                                    "total": 46.678039799947314,
                                                    "count": 95027,
                                                    "self": 46.678039799947314
                                                }
                                            }
                                        }
                                    }
                                },
                                "workers": {
                                    "total": 1.251244700015464,
                                    "count": 95078,
                                    "self": 0.0,
                                    "children": {
                                        "worker_root": {
                                            "total": 1791.0771096999786,
                                            "count": 95078,
                                            "is_parallel": true,
                                            "self": 234.26636089996282,