{"count":1,"self":11917.316095999999,"total":13254.7012688,"children":{"InitializeActuators":{"count":1,"self":0.002,"total":0.002,"children":null},"InitializeSensors":{"count":1,"self":0.0010096999999999999,"total":0.0010096999999999999,"children":null},"AgentSendState":{"count":4290850,"self":14.5534848,"total":114.0912541,"children":{"CollectObservations":{"count":214543,"self":7.2937335999999995,"total":7.2937332999999995,"children":null},"WriteActionMask":{"count":214543,"self":0.3062086,"total":0.3062086,"children":null},"RequestDecision":{"count":214543,"self":1.6127912,"total":91.9378279,"children":{"AgentInfo.ToProto":{"count":214543,"self":2.0013704,"total":90.3250367,"children":{"GenerateSensorData":{"count":214543,"self":88.3236672,"total":88.3236663,"children":null}}}}}}},"DecideAction":{"count":4290850,"self":1214.7014656,"total":1214.7015121,"children":null},"AgentAct":{"count":4290850,"self":8.290550399999999,"total":8.290550399999999,"children":null},"AgentInfo.ToProto":{"count":630,"self":0.0090639,"total":0.29750309999999996,"children":{"GenerateSensorData":{"count":630,"self":0.2884392,"total":0.2884392,"children":null}}}},"gauges":{"PlayerRL.CumulativeReward":{"count":630,"max":1023.7334,"min":42.566864,"runningAverage":327.138458,"value":400.7998,"weightedAverage":358.715851}},"metadata":{"timer_format_version":"0.1.0","start_time_seconds":"1714253107","unity_version":"2023.2.13f1","command_line_arguments":"C:\\Program Files\\Unity\\Hub\\Editor\\2023.2.13f1\\Editor\\Unity.exe -projectpath C:\\Users\\zayaa\\Unity Projects\\OneButtonJam -useHub -hubIPC -cloudEnvironment production -licensingIpc LicenseClient-zayaa -hubSessionId 0ea44bc0-5626-4362-9701-a451d4ff2c41 -accessToken G-EynFFcO9LZ8Ofc9bZKC6uFxmEBrhtR6o7VGBnXmQI001f","communication_protocol_version":"1.5.0","com.unity.ml-agents_version":"2.0.1","scene_name":"GameSceneRL","end_time_seconds":"1714266362"}}