{"count":1,"self":4049.2142592,"total":4996.5016606,"children":{"InitializeActuators":{"count":1,"self":0.0015164999999999998,"total":0.0015164999999999998,"children":null},"InitializeSensors":{"count":1,"self":0.0016982,"total":0.0016982,"children":null},"AgentSendState":{"count":1619992,"self":5.1886427999999993,"total":13.168174899999999,"children":{"CollectObservations":{"count":161908,"self":4.7296667999999995,"total":4.7296669,"children":null},"WriteActionMask":{"count":161908,"self":0.178579,"total":0.178579,"children":null},"RequestDecision":{"count":161908,"self":0.80017529999999992,"total":3.0712861,"children":{"AgentInfo.ToProto":{"count":161908,"self":0.92172139999999991,"total":2.2711107999999998,"children":{"GenerateSensorData":{"count":161908,"self":1.3493894,"total":1.3493894,"children":null}}}}}}},"DecideAction":{"count":1619992,"self":931.0601216,"total":931.0601009,"children":null},"AgentAct":{"count":1619992,"self":3.0487696,"total":3.0487696,"children":null},"AgentInfo.ToProto":{"count":407,"self":0.004507,"total":0.0065550999999999995,"children":{"GenerateSensorData":{"count":407,"self":0.0020480999999999997,"total":0.0020480999999999997,"children":null}}}},"gauges":{"PlayerRL.CumulativeReward":{"count":407,"max":7,"min":-4,"runningAverage":0.739557862,"value":0,"weightedAverage":1.36011672}},"metadata":{"timer_format_version":"0.1.0","start_time_seconds":"1713724226","unity_version":"2023.2.13f1","command_line_arguments":"C:\\Program Files\\Unity\\Hub\\Editor\\2023.2.13f1\\Editor\\Unity.exe -projectpath C:\\Users\\zayaa\\Unity Projects\\OneButtonJam -useHub -hubIPC -cloudEnvironment production -licensingIpc LicenseClient-zayaa -hubSessionId 2edff69c-a2bb-486d-bd7c-0f2e571b776c -accessToken FUYFiffjagJDmJdasAU2gxgB5FJnGFJHCSh5xX5P5-A001f","communication_protocol_version":"1.5.0","com.unity.ml-agents_version":"2.0.1","scene_name":"GameSceneRL","end_time_seconds":"1713729222"}}