{"count":1,"self":21.629462399999998,"total":21.7088164,"children":{"InitializeActuators":{"count":1,"self":0.0020792,"total":0.0020792,"children":null},"InitializeSensors":{"count":1,"self":0.0025288999999999997,"total":0.0025288999999999997,"children":null},"AgentSendState":{"count":590,"self":0.0045844,"total":0.0097802999999999987,"children":{"CollectObservations":{"count":59,"self":0.0014280999999999999,"total":0.0014280999999999999,"children":null},"WriteActionMask":{"count":59,"self":0.001224,"total":0.001224,"children":null},"RequestDecision":{"count":59,"self":0.0025437999999999997,"total":0.0025437999999999997,"children":null}}},"DecideAction":{"count":590,"self":0.063924399999999992,"total":0.063924399999999992,"children":null}},"gauges":{},"metadata":{"timer_format_version":"0.1.0","start_time_seconds":"1711944659","unity_version":"2023.2.13f1","command_line_arguments":"C:\\Program Files\\Unity\\Hub\\Editor\\2023.2.13f1\\Editor\\Unity.exe -projectpath C:\\Users\\zayaa\\Unity Projects\\OneButtonJam -useHub -hubIPC -cloudEnvironment production -licensingIpc LicenseClient-zayaa -hubSessionId 7a67f7f5-4c9b-4628-8351-92361eff1c4a -accessToken ywYkP_8cpoG8aLdN3hMo64V7HC24TXRIYVE0TLmQNpE001f","communication_protocol_version":"1.5.0","com.unity.ml-agents_version":"2.0.1","scene_name":"GameSceneRL","end_time_seconds":"1711944680"}}