{
    "name": "root",
    "metadata": {
        "timer_format_version": "0.1.0",
        "start_time_seconds": "1710209344",
        "python_version": "3.8.10 (tags/v3.8.10:3d8993a, May  3 2021, 11:48:03) [MSC v.1928 64 bit (AMD64)]",
        "command_line_arguments": "C:\\Users\\zayaa\\Unity Projects\\OneButtonJam\\venv\\Scripts\\mlagents-learn --run-id=Test1",
        "mlagents_version": "0.29.0",
        "mlagents_envs_version": "0.29.0",
        "communication_protocol_version": "1.5.0",
        "pytorch_version": "2.2.1+cpu",
        "numpy_version": "1.21.2",
        "end_time_seconds": "1710218005"
    },
    "total": 8660.9499323,
    "count": 1,
    "self": 0.012122399999498157,
    "children": {
        "run_training.setup": {
            "total": 0.0545163999999998,
            "count": 1,
            "self": 0.0545163999999998
        },
        "TrainerController.start_learning": {
            "total": 8660.883293500001,
            "count": 1,
            "self": 0.0393450000010489,
            "children": {
                "TrainerController._reset_env": {
                    "total": 22.625480200000002,
                    "count": 1,
                    "self": 22.625480200000002
                },
                "TrainerController.advance": {
                    "total": 8638.0494899,
                    "count": 1382,
                    "self": 0.037355100001150277,
                    "children": {
                        "env_step": {
                            "total": 8637.8263111,
                            "count": 1382,
                            "self": 8635.1037947,
                            "children": {
                                "SubprocessEnvManager._take_step": {
                                    "total": 2.6966168000000863,
                                    "count": 1382,
                                    "self": 0.10374670000031117,
                                    "children": {
                                        "TorchPolicy.evaluate": {
                                            "total": 2.592870099999775,
                                            "count": 1379,
                                            "self": 0.7030754999996454,
                                            "children": {
                                                "TorchPolicy.sample_actions": {
                                                    "total": 1.8897946000001298,
                                                    "count": 1379,
                                                    "self": 1.8897946000001298
                                                }
                                            }
                                        }
                                    }
                                },
                                "workers": {
                                    "total": 0.025899599999842593,
                                    "count": 1381,
                                    "self": 0.0,
                                    "children": {
                                        "worker_root": {
                                            "total": 17.852918400000103,
                                            "count": 1381,
                                            "is_parallel": true,
                                            "self": 6.143359199999939,
                                            "children": {
                                                "steps_from_proto": {
                                                    "total": 0.0008821999999995,
                                                    "count": 1,
                                                    "is_parallel": true,
                                                    "self": 0.0004539000000001181,
                                                    "children": {
                                                        "_process_rank_one_or_two_observation": {
                                                            "total": 0.00042829999999938195,
                                                            "count": 2,
                                                            "is_parallel": true,
                                                            "self": 0.00042829999999938195
                                                        }
                                                    }
                                                },
                                                "UnityEnvironment.step": {
                                                    "total": 11.708677000000165,
                                                    "count": 1381,
                                                    "is_parallel": true,
                                                    "self": 0.137857600000185,
                                                    "children": {
                                                        "UnityEnvironment._generate_step_input": {
                                                            "total": 0.4193909999998695,
                                                            "count": 1381,
                                                            "is_parallel": true,
                                                            "self": 0.4193909999998695
                                                        },
                                                        "communicator.exchange": {
                                                            "total": 10.531044600000047,
                                                            "count": 1381,
                                                            "is_parallel": true,
                                                            "self": 10.531044600000047
                                                        },
                                                        "steps_from_proto": {
                                                            "total": 0.620383800000063,
                                                            "count": 1381,
                                                            "is_parallel": true,
                                                            "self": 0.4343503999997971,
                                                            "children": {
                                                                "_process_rank_one_or_two_observation": {
                                                                    "total": 0.1860334000002659,
                                                                    "count": 2762,
                                                                    "is_parallel": true,
                                                                    "self": 0.1860334000002659
                                                                }
                                                            }
                                                        }
                                                    }
                                                }
                                            }
                                        }
                                    }
                                }
                            }
                        },
                        "trainer_advance": {
                            "total": 0.18582369999993986,
                            "count": 1381,
                            "self": 0.04738129999996943,
                            "children": {
                                "process_trajectory": {
                                    "total": 0.13844239999997043,
                                    "count": 1381,
                                    "self": 0.13844239999997043
                                }
                            }
                        }
                    }
                },